'Emp_Id','Emp_Name','City','Number'
'12010190','Tilak','Pune','100'
'12010191','Bhakti','Hyderabad','200'
'12010192','Debasis','Hyderabad','300'
'12010193','Akash','Bangalore','400'
'12010194','Sweta','Mumbai','500'
'12010195','Akhil','Hyderabad','600'
'12010196','Sunny','Delhi','700'
'12010197','Tapas','Delhi','800'
'12010200','Satyajeet','Hyderabad','900'
'12010201','Prateek','Paris','1000'
'12010202','Subhransu','Bhubaneswar','1100'
'12010203','Boitai','Bhubaneswar','1200'
'12010204','Altaf','Bangalore','1300'
'12010205','Guru','Pilani','1400'
'12010206','Mukesh','Kolkata','1500'
'12010207','Abhinab','Arizona','1600'
'12010208','Anurag','Chennai','1700'